productId, index
613515cdae5592de9045691f, 449
613515d3ae5592de90456a09, 1
613515ceae5592de9045695f, 2
613515d0ae5592de90456991, 3
613515cdae5592de90456920, 4
613515d3ae5592de90456a15, 5
613515cdae5592de90456942, 6
613515d1ae5592de904569ad, 7
613515d3ae5592de90456a1a, 8
613515d2ae5592de90456a02, 9
613515d4ae5592de90456a45, 10
613515d5ae5592de90456aa0, 11
613515d7ae5592de90456af6, 12
613515d6ae5592de90456ab6, 13
613515d8ae5592de90456b07, 14
613515d7ae5592de90456ae8, 15
613515d8ae5592de90456b28, 16
613515d8ae5592de90456b30, 17
613515daae5592de90456b9a, 18
613515dbae5592de90456bc2, 19
613515d9ae5592de90456b3e, 20
613515dbae5592de90456bb5, 21
613515dbae5592de90456bd0, 22
613515daae5592de90456b73, 23
613515dbae5592de90456ba1, 24
613515daae5592de90456b9d, 25
613515daae5592de90456b68, 26
613515ddae5592de90456c36, 27
613515dfae5592de90456c89, 28
613515dfae5592de90456c8c, 29
613515dfae5592de90456c92, 30
613515e0ae5592de90456caa, 31
613515dfae5592de90456c7b, 32
613515dfae5592de90456c65, 33
613515ceae5592de9045695e, 34
613515d0ae5592de90456989, 35
613515cdae5592de90456927, 36
613515d2ae5592de904569f7, 37
613515cdae5592de90456929, 38
613515d2ae5592de904569df, 39
613515d2ae5592de904569e9, 40
613515d4ae5592de90456a42, 41
613515d4ae5592de90456a53, 42
613515d1ae5592de904569af, 43
613515d4ae5592de90456a46, 44
613515d4ae5592de90456a47, 45
613515d8ae5592de90456b05, 46
613515d6ae5592de90456ab9, 47
613515d6ae5592de90456ab3, 48
613515d6ae5592de90456ab8, 49
613515d7ae5592de90456ae4, 50
613515d8ae5592de90456b33, 51
613515d9ae5592de90456b56, 52
613515d8ae5592de90456b31, 53
613515ddae5592de90456c05, 54
613515ddae5592de90456bfe, 55
613515daae5592de90456b63, 56
613515dcae5592de90456bd8, 57
613515dfae5592de90456c79, 58
613515e0ae5592de90456cb1, 59
613515dfae5592de90456c90, 60
613515dfae5592de90456c99, 61
613515e0ae5592de90456cae, 62
613515e0ae5592de90456cc8, 63
613515e0ae5592de90456cb4, 64
613515e0ae5592de90456cbd, 65
613515dfae5592de90456c6e, 66
613515ddae5592de90456c34, 67
613515dfae5592de90456c7d, 68
613515deae5592de90456c48, 69
613515e4ae5592de90456d84, 70
613515cdae5592de9045694e, 71
613515d4ae5592de90456a4c, 72
613515d4ae5592de90456a50, 73
613515d2ae5592de904569eb, 74
613515cdae5592de90456928, 75
613515d1ae5592de904569c1, 76
613515d2ae5592de904569f5, 77
613515d3ae5592de90456a10, 78
613515cdae5592de90456948, 79
613515d1ae5592de904569c2, 80
613515d3ae5592de90456a0b, 81
613515d2ae5592de90456a07, 82
613515d0ae5592de9045697e, 83
613515d1ae5592de904569b7, 84
613515d6ae5592de90456ab2, 85
613515d6ae5592de90456ac6, 86
613515d8ae5592de90456b1d, 87
613515d6ae5592de90456aa3, 88
613515d8ae5592de90456b17, 89
613515d6ae5592de90456ab4, 90
613515d8ae5592de90456b25, 91
613515dcae5592de90456bd9, 92
613515d9ae5592de90456b38, 93
613515d9ae5592de90456b3d, 94
613515dbae5592de90456ba6, 95
613515d9ae5592de90456b3b, 96
613515ddae5592de90456c00, 97
613515dfae5592de90456c77, 98
613515e1ae5592de90456ccc, 99
613515deae5592de90456c4d, 100
613515ddae5592de90456c1a, 101
613515e3ae5592de90456d5d, 102
613515e2ae5592de90456d02, 103
613515e3ae5592de90456d3b, 104
613515e4ae5592de90456d80, 105
613515d3ae5592de90456a31, 106
613515d2ae5592de904569fc, 107
613515d4ae5592de90456a58, 108
613515d1ae5592de904569be, 109
613515d2ae5592de904569e1, 110
613515cdae5592de9045692a, 111
613515d3ae5592de90456a1d, 112
613515d3ae5592de90456a1f, 113
613515d3ae5592de90456a16, 114
613515cdae5592de9045694b, 115
613515d6ae5592de90456ab5, 116
613515d5ae5592de90456a8f, 117
613515d5ae5592de90456a99, 118
613515d8ae5592de90456b0f, 119
613515d8ae5592de90456b01, 120
613515d5ae5592de90456aa2, 121
613515daae5592de90456b7f, 122
613515daae5592de90456b9f, 123
613515d9ae5592de90456b51, 124
613515ddae5592de90456c17, 125
613515deae5592de90456c3e, 126
613515ddae5592de90456c14, 127
613515ddae5592de90456c1b, 128
613515dfae5592de90456c69, 129
613515deae5592de90456c52, 130
613515ceae5592de90456953, 131
613515d4ae5592de90456a54, 132
613515cdae5592de90456925, 133
613515d0ae5592de9045699d, 134
613515d0ae5592de9045699f, 135
613515d5ae5592de90456a65, 136
613515d2ae5592de904569da, 137
613515cdae5592de90456943, 138
613515d2ae5592de904569e7, 139
613515d4ae5592de90456a5c, 140
613515d1ae5592de904569c5, 141
613515d4ae5592de90456a48, 142
613515d0ae5592de9045698e, 143
613515d0ae5592de90456995, 144
613515d4ae5592de90456a60, 145
613515d3ae5592de90456a35, 146
613515ceae5592de9045696b, 147
613515d1ae5592de904569ca, 148
613515d6ae5592de90456acb, 149
613515d7ae5592de90456af1, 150
613515d7ae5592de90456ad4, 151
613515d8ae5592de90456b10, 152
613515d6ae5592de90456aab, 153
613515d6ae5592de90456ac8, 154
613515daae5592de90456b6c, 155
613515daae5592de90456b8c, 156
613515d9ae5592de90456b48, 157
613515daae5592de90456b98, 158
613515dbae5592de90456bbc, 159
613515dcae5592de90456bf1, 160
613515e0ae5592de90456cb5, 161
613515dfae5592de90456c7f, 162
613515ddae5592de90456c0d, 163
613515dfae5592de90456c63, 164
613515dfae5592de90456c96, 165
613515deae5592de90456c58, 166
613515dfae5592de90456c5e, 167
613515dfae5592de90456c67, 168
613515e2ae5592de90456d1d, 169
613515e3ae5592de90456d43, 170
613515d5ae5592de90456a6a, 171
613515d1ae5592de904569b5, 172
613515d1ae5592de904569c4, 173
613515d1ae5592de904569ce, 174
613515ceae5592de90456962, 175
613515d4ae5592de90456a43, 176
613515d4ae5592de90456a5a, 177
613515d3ae5592de90456a29, 178
613515cdae5592de90456924, 179
613515d2ae5592de904569f9, 180
613515d3ae5592de90456a1c, 181
613515d3ae5592de90456a2b, 182
613515d5ae5592de90456a7a, 183
613515dbae5592de90456bce, 184
613515dcae5592de90456bd3, 185
613515d9ae5592de90456b50, 186
613515dcae5592de90456bd7, 187
613515deae5592de90456c43, 188
613515e0ae5592de90456cab, 189
613515ddae5592de90456c25, 190
613515e0ae5592de90456cc3, 191
613515dfae5592de90456c84, 192
613515e0ae5592de90456c9b, 193
613515e4ae5592de90456d81, 194
613515d1ae5592de904569cd, 195
613515d2ae5592de904569ee, 196
613515d0ae5592de9045698a, 197
613515d3ae5592de90456a0d, 198
613515ceae5592de90456950, 199
613515ceae5592de90456955, 200
613515d0ae5592de90456982, 201
613515d2ae5592de90456a00, 202
613515ceae5592de90456978, 203
613515d4ae5592de90456a59, 204
613515d2ae5592de904569ea, 205
613515ceae5592de90456969, 206
613515cdae5592de9045693d, 207
613515d1ae5592de904569b1, 208
613515d7ae5592de90456af7, 209
613515d5ae5592de90456a91, 210
613515d7ae5592de90456adf, 211
613515d5ae5592de90456a73, 212
613515d6ae5592de90456aa5, 213
613515d7ae5592de90456aeb, 214
613515d9ae5592de90456b49, 215
613515d9ae5592de90456b52, 216
613515d9ae5592de90456b3a, 217
613515d9ae5592de90456b4d, 218
613515ddae5592de90456c04, 219
613515d9ae5592de90456b41, 220
613515ddae5592de90456c0c, 221
613515dfae5592de90456c72, 222
613515e0ae5592de90456cc7, 223
613515dfae5592de90456c71, 224
613515dfae5592de90456c91, 225
613515deae5592de90456c3a, 226
613515e1ae5592de90456cd2, 227
613515e2ae5592de90456d12, 228
613515d1ae5592de904569bb, 229
613515d0ae5592de90456987, 230
613515d5ae5592de90456a68, 231
613515d3ae5592de90456a27, 232
613515cdae5592de90456944, 233
613515d5ae5592de90456a8a, 234
613515d7ae5592de90456ad6, 235
613515d5ae5592de90456a77, 236
613515d6ae5592de90456aa9, 237
613515d7ae5592de90456ad8, 238
613515dbae5592de90456bb2, 239
613515dbae5592de90456bca, 240
613515daae5592de90456b80, 241
613515ddae5592de90456c23, 242
613515e0ae5592de90456ca0, 243
613515deae5592de90456c49, 244
613515dfae5592de90456c75, 245
613515d1ae5592de904569c6, 246
613515d2ae5592de904569dc, 247
613515d1ae5592de904569a7, 248
613515d0ae5592de9045699e, 249
613515d7ae5592de90456acd, 250
613515d5ae5592de90456a88, 251
613515daae5592de90456b8d, 252
613515e0ae5592de90456cb3, 253
613515e0ae5592de90456c9c, 254
613515e0ae5592de90456cbf, 255
613515e1ae5592de90456ccf, 256
613515dfae5592de90456c5b, 257
613515cdae5592de90456921, 258
613515d0ae5592de90456998, 259
613515d2ae5592de904569d2, 260
613515ceae5592de90456951, 261
613515ceae5592de9045696d, 262
613515d1ae5592de904569ba, 263
613515d1ae5592de904569c7, 264
613515d6ae5592de90456ac3, 265
613515d8ae5592de90456b09, 266
613515d5ae5592de90456a8c, 267
613515d8ae5592de90456b16, 268
613515d6ae5592de90456aa8, 269
613515dbae5592de90456bc5, 270
613515dbae5592de90456bb4, 271
613515ddae5592de90456c21, 272
613515deae5592de90456c4a, 273
613515ddae5592de90456c13, 274
613515dfae5592de90456c7a, 275
613515e2ae5592de90456d1c, 276
613515cdae5592de9045691b, 277
613515d3ae5592de90456a12, 278
613515d2ae5592de904569e0, 279
613515d2ae5592de90456a04, 280
613515ceae5592de90456977, 281
613515d2ae5592de904569ef, 282
613515cdae5592de9045692f, 283
613515d3ae5592de90456a2d, 284
613515d3ae5592de90456a38, 285
613515ceae5592de90456960, 286
613515d3ae5592de90456a19, 287
613515d0ae5592de9045697f, 288
613515d5ae5592de90456a82, 289
613515d7ae5592de90456ace, 290
613515d5ae5592de90456a8b, 291
613515d6ae5592de90456abc, 292
613515dbae5592de90456bc4, 293
613515d9ae5592de90456b59, 294
613515daae5592de90456b67, 295
613515daae5592de90456b66, 296
613515dcae5592de90456be9, 297
613515daae5592de90456b8f, 298
613515ddae5592de90456c33, 299
613515deae5592de90456c39, 300
613515ddae5592de90456c2b, 301
613515ddae5592de90456c2a, 302
613515e2ae5592de90456d0b, 303
613515d1ae5592de904569a9, 304
613515d1ae5592de904569ae, 305
613515cdae5592de90456931, 306
613515d1ae5592de904569aa, 307
613515d4ae5592de90456a4e, 308
613515ceae5592de90456966, 309
613515d4ae5592de90456a3e, 310
613515d5ae5592de90456a86, 311
613515daae5592de90456b79, 312
613515dfae5592de90456c9a, 313
613515e0ae5592de90456cb2, 314
613515dfae5592de90456c82, 315
613515e2ae5592de90456d21, 316
613515e1ae5592de90456cd5, 317
613515d1ae5592de904569cc, 318
613515d2ae5592de904569db, 319
613515cdae5592de90456926, 320
613515d1ae5592de904569a8, 321
613515cdae5592de90456946, 322
613515d8ae5592de90456b13, 323
613515d7ae5592de90456afb, 324
613515d7ae5592de90456af0, 325
613515ddae5592de90456c06, 326
613515dbae5592de90456bac, 327
613515d9ae5592de90456b5a, 328
613515ddae5592de90456bfc, 329
613515d9ae5592de90456b4f, 330
613515daae5592de90456b74, 331
613515dbae5592de90456bb3, 332
613515dfae5592de90456c8d, 333
613515deae5592de90456c4c, 334
613515ddae5592de90456c35, 335
613515ddae5592de90456c0e, 336
613515deae5592de90456c51, 337
613515d5ae5592de90456a6b, 338
613515ceae5592de9045696c, 339
613515cdae5592de9045691d, 340
613515ceae5592de90456968, 341
613515d2ae5592de90456a01, 342
613515ceae5592de9045696f, 343
613515ceae5592de9045695d, 344
613515d8ae5592de90456b29, 345
613515d7ae5592de90456af5, 346
613515d6ae5592de90456aba, 347
613515d5ae5592de90456a85, 348
613515daae5592de90456b99, 349
613515dcae5592de90456be2, 350
613515d9ae5592de90456b47, 351
613515dcae5592de90456be5, 352
613515ddae5592de90456c01, 353
613515ddae5592de90456c30, 354
613515dfae5592de90456c86, 355
613515ddae5592de90456c12, 356
613515deae5592de90456c47, 357
613515e4ae5592de90456d70, 358
613515e1ae5592de90456cf1, 359
613515d2ae5592de904569d9, 360
613515d4ae5592de90456a49, 361
613515cdae5592de90456919, 362
613515d2ae5592de90456a03, 363
613515d3ae5592de90456a30, 364
613515d1ae5592de904569ac, 365
613515d6ae5592de90456aa6, 366
613515d5ae5592de90456a80, 367
613515dcae5592de90456bdb, 368
613515daae5592de90456b69, 369
613515d9ae5592de90456b46, 370
613515dbae5592de90456bc6, 371
613515ddae5592de90456c0b, 372
613515e0ae5592de90456ca8, 373
613515dfae5592de90456c64, 374
613515ddae5592de90456c32, 375
613515e3ae5592de90456d49, 376
613515d3ae5592de90456a25, 377
613515d1ae5592de904569c3, 378
613515ceae5592de90456967, 379
613515d3ae5592de90456a1e, 380
613515ceae5592de90456964, 381
613515d2ae5592de904569d8, 382
613515d5ae5592de90456a74, 383
613515d7ae5592de90456ae9, 384
613515d5ae5592de90456a8e, 385
613515d8ae5592de90456b19, 386
613515d7ae5592de90456ae6, 387
613515daae5592de90456b88, 388
613515dbae5592de90456bcb, 389
613515dbae5592de90456bbb, 390
613515dbae5592de90456bae, 391
613515dbae5592de90456bb1, 392
613515ddae5592de90456c27, 393
613515dfae5592de90456c62, 394
613515e1ae5592de90456cc9, 395
613515e0ae5592de90456cb0, 396
613515d0ae5592de90456990, 397
613515d4ae5592de90456a4d, 398
613515ceae5592de9045695a, 399
613515cdae5592de90456937, 400
613515cdae5592de9045693b, 401
613515cdae5592de9045693e, 402
613515d4ae5592de90456a3b, 403
613515d7ae5592de90456aea, 404
613515d5ae5592de90456a7d, 405
613515d6ae5592de90456aaf, 406
613515ddae5592de90456c07, 407
613515dcae5592de90456bd2, 408
613515dcae5592de90456bf2, 409
613515dcae5592de90456bf6, 410
613515daae5592de90456b8e, 411
613515dbae5592de90456baf, 412
613515d9ae5592de90456b3c, 413
613515d9ae5592de90456b5b, 414
613515dfae5592de90456c60, 415
613515dfae5592de90456c83, 416
613515ddae5592de90456c2f, 417
613515e4ae5592de90456d7c, 418
613515e3ae5592de90456d66, 419
613515d1ae5592de904569c9, 420
613515d2ae5592de904569f0, 421
613515d0ae5592de904569a1, 422
613515d3ae5592de90456a1b, 423
613515d1ae5592de904569bf, 424
613515d3ae5592de90456a2f, 425
613515ceae5592de90456963, 426
613515cdae5592de9045693f, 427
613515d5ae5592de90456a7c, 428
613515d5ae5592de90456a9b, 429
613515d7ae5592de90456ae5, 430
613515d5ae5592de90456a94, 431
613515d6ae5592de90456aa7, 432
613515d5ae5592de90456a7e, 433
613515d8ae5592de90456b20, 434
613515d8ae5592de90456b26, 435
613515d6ae5592de90456aca, 436
613515d5ae5592de90456a89, 437
613515dbae5592de90456bc9, 438
613515daae5592de90456b75, 439
613515dcae5592de90456be8, 440
613515dbae5592de90456bbe, 441
613515ddae5592de90456bfd, 442
613515dfae5592de90456c78, 443
613515ddae5592de90456c28, 444
613515dfae5592de90456c7c, 445
613515ddae5592de90456c1f, 446
613515e3ae5592de90456d4b, 447
613515e3ae5592de90456d26, 448
613515cdae5592de9045694c, 450
613515d2ae5592de904569e2, 451
613515d5ae5592de90456a64, 452
613515ceae5592de90456957, 453
613515d0ae5592de90456986, 454
613515d5ae5592de90456a8d, 455
613515d7ae5592de90456afa, 456
613515d5ae5592de90456a7b, 457
613515d7ae5592de90456af3, 458
613515d8ae5592de90456b02, 459
613515ddae5592de90456bfa, 460
613515d8ae5592de90456b2c, 461
613515dbae5592de90456bc7, 462
613515dcae5592de90456bf9, 463
613515deae5592de90456c42, 464
613515e0ae5592de90456cad, 465
613515ddae5592de90456c2c, 466
613515dfae5592de90456c95, 467
613515e0ae5592de90456ca2, 468
613515ddae5592de90456c1d, 469
613515e0ae5592de90456cba, 470
613515e2ae5592de90456d0f, 471
613515e1ae5592de90456ce0, 472
613515d3ae5592de90456a21, 473
613515d3ae5592de90456a32, 474
613515d5ae5592de90456a66, 475
613515cdae5592de90456922, 476
613515d1ae5592de904569b4, 477
613515ceae5592de90456961, 478
613515d2ae5592de904569d7, 479
613515d8ae5592de90456b0a, 480
613515d6ae5592de90456ab0, 481
613515d5ae5592de90456a78, 482
613515d8ae5592de90456b0b, 483
613515dbae5592de90456baa, 484
613515daae5592de90456b62, 485
613515dcae5592de90456bda, 486
613515ddae5592de90456c38, 487
613515e4ae5592de90456d6e, 488
613515d7ae5592de90456af2, 489
613515d8ae5592de90456b11, 490
613515d7ae5592de90456ae3, 491
613515d5ae5592de90456a83, 492
613515d5ae5592de90456a95, 493
613515d6ae5592de90456aae, 494
613515d6ae5592de90456abd, 495
613515d9ae5592de90456b4b, 496
613515dcae5592de90456bef, 497
613515daae5592de90456b7b, 498
613515e0ae5592de90456ca9, 499
613515dfae5592de90456c5f, 500
613515d2ae5592de904569de, 501
613515d2ae5592de904569e5, 502
613515ceae5592de9045696a, 503
613515ceae5592de9045695b, 504
613515dcae5592de90456bed, 505
613515daae5592de90456b7c, 506
613515deae5592de90456c56, 507
613515e0ae5592de90456c9d, 508
613515e4ae5592de90456d83, 509
613515ceae5592de90456975, 510
613515d3ae5592de90456a2c, 511
613515d4ae5592de90456a4f, 512
613515cdae5592de9045692d, 513
613515d1ae5592de904569b6, 514
613515d1ae5592de904569cf, 515
613515d8ae5592de90456b27, 516
613515dbae5592de90456bcf, 517
613515d9ae5592de90456b40, 518
613515ddae5592de90456c08, 519
613515ddae5592de90456c15, 520
613515ddae5592de90456c22, 521
613515e0ae5592de90456cc5, 522
613515e0ae5592de90456cc2, 523
613515ceae5592de90456971, 524
613515d1ae5592de904569ab, 525
613515d3ae5592de90456a0f, 526
613515d3ae5592de90456a28, 527
613515cdae5592de90456940, 528
613515d7ae5592de90456aec, 529
613515d8ae5592de90456b0d, 530
613515ddae5592de90456bfb, 531
613515ddae5592de90456c0a, 532
613515dfae5592de90456c70, 533
613515e3ae5592de90456d61, 534
613515d1ae5592de904569a3, 535
613515cdae5592de90456945, 536
613515d2ae5592de904569ec, 537
613515d4ae5592de90456a5f, 538
613515cdae5592de90456918, 539
613515d6ae5592de90456ac5, 540
613515d9ae5592de90456b5d, 541
613515dbae5592de90456bbf, 542
613515dcae5592de90456be0, 543
613515ddae5592de90456c03, 544
613515ddae5592de90456c0f, 545
613515d3ae5592de90456a23, 546
613515d1ae5592de904569a6, 547
613515d0ae5592de90456996, 548
613515d0ae5592de904569a2, 549
613515d4ae5592de90456a40, 550
613515dfae5592de90456c6d, 551
613515e3ae5592de90456d56, 552
613515d0ae5592de90456981, 553
613515d2ae5592de904569e8, 554
613515d4ae5592de90456a56, 555
613515d5ae5592de90456a81, 556
613515d7ae5592de90456afc, 557
613515dcae5592de90456bd4, 558
613515ddae5592de90456c02, 559
613515daae5592de90456b95, 560
613515d9ae5592de90456b54, 561
613515e0ae5592de90456ca4, 562
613515dfae5592de90456c5d, 563
613515d4ae5592de90456a41, 564
613515d4ae5592de90456a5d, 565
613515d5ae5592de90456a9d, 566
613515d7ae5592de90456ad5, 567
613515d5ae5592de90456a72, 568
613515daae5592de90456b81, 569
613515daae5592de90456b7d, 570
613515ddae5592de90456c19, 571
613515e0ae5592de90456ca7, 572
613515e0ae5592de90456cbb, 573
613515d3ae5592de90456a0e, 574
613515d3ae5592de90456a36, 575
613515d0ae5592de90456985, 576
613515d0ae5592de9045698f, 577
613515ceae5592de9045697a, 578
613515d0ae5592de90456983, 579
613515d6ae5592de90456aaa, 580
613515d7ae5592de90456ada, 581
613515dbae5592de90456ba0, 582
613515d9ae5592de90456b4e, 583
613515daae5592de90456b92, 584
613515e0ae5592de90456c9e, 585
613515e0ae5592de90456caf, 586
613515e1ae5592de90456ccb, 587
613515e0ae5592de90456cbe, 588
613515deae5592de90456c3b, 589
613515e5ae5592de90456d97, 590
613515cdae5592de90456936, 591
613515d3ae5592de90456a22, 592
613515d5ae5592de90456a62, 593
613515d9ae5592de90456b5e, 594
613515daae5592de90456b60, 595
613515e0ae5592de90456cac, 596
613515e1ae5592de90456ccd, 597
613515e5ae5592de90456d94, 598
613515ceae5592de90456972, 599
613515cdae5592de90456930, 600
613515d7ae5592de90456adc, 601
613515dcae5592de90456be6, 602
613515dfae5592de90456c7e, 603
613515ddae5592de90456c10, 604
613515d3ae5592de90456a14, 605
613515cdae5592de9045691e, 606
613515d3ae5592de90456a33, 607
613515d6ae5592de90456aac, 608
613515d6ae5592de90456ac4, 609
613515d6ae5592de90456abf, 610
613515daae5592de90456b8b, 611
613515dbae5592de90456bab, 612
613515ddae5592de90456c11, 613
613515dfae5592de90456c6c, 614
613515d0ae5592de9045699c, 615
613515d3ae5592de90456a39, 616
613515ceae5592de90456970, 617
613515d7ae5592de90456af9, 618
613515d5ae5592de90456a84, 619
613515d7ae5592de90456af8, 620
613515d8ae5592de90456b1e, 621
613515dbae5592de90456ba8, 622
613515dbae5592de90456bcd, 623
613515dcae5592de90456bec, 624
613515dbae5592de90456ba4, 625
613515e1ae5592de90456cdb, 626
613515e4ae5592de90456d85, 627
613515e1ae5592de90456cd4, 628
613515e1ae5592de90456ce5, 629
613515d4ae5592de90456a52, 630
613515d2ae5592de904569e6, 631
613515cdae5592de9045692b, 632
613515d5ae5592de90456a6f, 633
613515dbae5592de90456bb8, 634
613515daae5592de90456b6b, 635
613515ddae5592de90456c09, 636
613515dbae5592de90456bc0, 637
613515dfae5592de90456c81, 638
613515e3ae5592de90456d63, 639
613515ceae5592de9045695c, 640
613515d2ae5592de90456a08, 641
613515d2ae5592de904569d3, 642
613515d4ae5592de90456a5b, 643
613515d8ae5592de90456b24, 644
613515daae5592de90456b61, 645
613515dfae5592de90456c6a, 646
613515cdae5592de9045694d, 647
613515d0ae5592de90456984, 648
613515d6ae5592de90456ab7, 649
613515dbae5592de90456ba2, 650
613515dbae5592de90456ba9, 651
613515daae5592de90456b86, 652
613515ddae5592de90456c18, 653
613515ddae5592de90456c29, 654
613515d4ae5592de90456a51, 655
613515ceae5592de9045697c, 656
613515d2ae5592de904569fe, 657
613515dbae5592de90456bbd, 658
613515dcae5592de90456bf4, 659
613515d9ae5592de90456b57, 660
613515d8ae5592de90456b36, 661
613515dfae5592de90456c6f, 662
613515e0ae5592de90456ca6, 663
613515deae5592de90456c55, 664
613515ceae5592de9045697b, 665
613515d3ae5592de90456a17, 666
613515d0ae5592de90456999, 667
613515d1ae5592de904569bd, 668
613515d2ae5592de904569ed, 669
613515cdae5592de90456939, 670
613515d7ae5592de90456add, 671
613515d7ae5592de90456afe, 672
613515d5ae5592de90456a9a, 673
613515d7ae5592de90456ad1, 674
613515d8ae5592de90456b2a, 675
613515d9ae5592de90456b42, 676
613515e0ae5592de90456cb8, 677
613515dfae5592de90456c66, 678
613515e4ae5592de90456d88, 679
613515cdae5592de9045691c, 680
613515d5ae5592de90456a6c, 681
613515d7ae5592de90456ade, 682
613515d5ae5592de90456a93, 683
613515d5ae5592de90456a9e, 684
613515daae5592de90456b87, 685
613515ddae5592de90456c37, 686
613515deae5592de90456c40, 687
613515cdae5592de90456949, 688
613515ceae5592de90456958, 689
613515d4ae5592de90456a3a, 690
613515d7ae5592de90456af4, 691
613515daae5592de90456b5f, 692
613515daae5592de90456b7e, 693
613515daae5592de90456b9e, 694
613515dcae5592de90456be1, 695
613515daae5592de90456b72, 696
613515dfae5592de90456c97, 697
613515e3ae5592de90456d40, 698
613515d3ae5592de90456a18, 699
613515d5ae5592de90456a7f, 700
613515d6ae5592de90456ab1, 701
613515d6ae5592de90456aad, 702
613515d5ae5592de90456a75, 703
613515e0ae5592de90456cb7, 704
613515d2ae5592de904569f1, 705
613515d0ae5592de90456980, 706
613515d4ae5592de90456a5e, 707
613515cdae5592de90456934, 708
613515d6ae5592de90456ac0, 709
613515daae5592de90456b83, 710
613515dcae5592de90456be4, 711
613515e0ae5592de90456c9f, 712
613515deae5592de90456c4e, 713
613515e0ae5592de90456cc6, 714
613515e3ae5592de90456d33, 715
613515d3ae5592de90456a37, 716
613515d0ae5592de90456994, 717
613515cdae5592de9045694f, 718
613515d3ae5592de90456a34, 719
613515d7ae5592de90456ad3, 720
613515d8ae5592de90456b21, 721
613515d5ae5592de90456a9f, 722
613515dcae5592de90456bf5, 723
613515dcae5592de90456bf0, 724
613515ddae5592de90456c1c, 725
613515dfae5592de90456c93, 726
613515e3ae5592de90456d50, 727
613515cdae5592de90456935, 728
613515d5ae5592de90456a6e, 729
613515ceae5592de90456959, 730
613515d1ae5592de904569b0, 731
613515d8ae5592de90456b18, 732
613515dbae5592de90456bad, 733
613515deae5592de90456c3c, 734
613515e1ae5592de90456ce8, 735
613515d1ae5592de904569cb, 736
613515d1ae5592de904569c0, 737
613515d4ae5592de90456a4a, 738
613515dbae5592de90456bc8, 739
613515d7ae5592de90456ae1, 740
613515e0ae5592de90456cc0, 741
613515ddae5592de90456c2d, 742
613515deae5592de90456c46, 743
613515d3ae5592de90456a0a, 744
613515d2ae5592de904569dd, 745
613515d1ae5592de904569a4, 746
613515d8ae5592de90456b1a, 747
613515daae5592de90456b97, 748
613515dfae5592de90456c98, 749
613515e5ae5592de90456d9a, 750
613515d3ae5592de90456a13, 751
613515d5ae5592de90456a92, 752
613515dbae5592de90456bb0, 753
613515daae5592de90456b71, 754
613515dcae5592de90456bf3, 755
613515e0ae5592de90456cc4, 756
613515dfae5592de90456c61, 757
613515e2ae5592de90456d03, 758
613515d3ae5592de90456a26, 759
613515ceae5592de90456979, 760
613515dbae5592de90456ba5, 761
613515ddae5592de90456bff, 762
613515dbae5592de90456bb6, 763
613515d9ae5592de90456b55, 764
613515dfae5592de90456c94, 765
613515d3ae5592de90456a0c, 766
613515d1ae5592de904569b9, 767
613515d8ae5592de90456b34, 768
613515daae5592de90456b76, 769
613515d8ae5592de90456b2b, 770
613515dfae5592de90456c76, 771
613515d0ae5592de9045698d, 772
613515d3ae5592de90456a2e, 773
613515d0ae5592de9045699a, 774
613515d5ae5592de90456a69, 775
613515cdae5592de90456947, 776
613515d5ae5592de90456a71, 777
613515dcae5592de90456beb, 778
613515dcae5592de90456bea, 779
613515dfae5592de90456c87, 780
613515d2ae5592de904569f6, 781
613515d8ae5592de90456b23, 782
613515d6ae5592de90456ac2, 783
613515d6ae5592de90456abe, 784
613515dbae5592de90456bba, 785
613515dcae5592de90456be7, 786
613515dfae5592de90456c6b, 787
613515dfae5592de90456c5c, 788
613515d0ae5592de90456997, 789
613515d2ae5592de904569f2, 790
613515d8ae5592de90456b14, 791
613515deae5592de90456c3f, 792
613515cdae5592de90456941, 793
613515d8ae5592de90456b0e, 794
613515daae5592de90456b6a, 795
613515dcae5592de90456bde, 796
613515cdae5592de9045691a, 797
613515d0ae5592de90456993, 798
613515ceae5592de90456956, 799
613515d0ae5592de9045699b, 800
613515d8ae5592de90456b2d, 801
613515dbae5592de90456bc1, 802
613515dfae5592de90456c8a, 803
613515e0ae5592de90456ca3, 804
613515e1ae5592de90456cca, 805
613515d4ae5592de90456a55, 806
613515cdae5592de9045693c, 807
613515d8ae5592de90456b22, 808
613515daae5592de90456b7a, 809
613515d6ae5592de90456ac9, 810
613515d7ae5592de90456aed, 811
613515dfae5592de90456c74, 812
613515d2ae5592de904569ff, 813
613515d3ae5592de90456a20, 814
613515ceae5592de90456954, 815
613515d8ae5592de90456b06, 816
613515d7ae5592de90456ad0, 817
613515daae5592de90456b90, 818
613515daae5592de90456b64, 819
613515d2ae5592de904569d5, 820
613515d0ae5592de90456988, 821
613515daae5592de90456b85, 822
613515daae5592de90456b84, 823
613515dfae5592de90456c68, 824
613515d0ae5592de90456992, 825
613515d6ae5592de90456abb, 826
613515d5ae5592de90456a87, 827
613515daae5592de90456b77, 828
613515deae5592de90456c54, 829
613515e0ae5592de90456ca1, 830
613515d2ae5592de904569fb, 831
613515d1ae5592de904569b8, 832
613515dcae5592de90456bd5, 833
613515d9ae5592de90456b58, 834
613515ddae5592de90456c20, 835
613515d1ae5592de904569b2, 836
613515cdae5592de9045694a, 837
613515daae5592de90456b9b, 838
613515daae5592de90456b96, 839
613515daae5592de90456b89, 840
613515e1ae5592de90456cce, 841
613515dfae5592de90456c8b, 842
613515dfae5592de90456c59, 843
613515d3ae5592de90456a2a, 844
613515cdae5592de90456938, 845
613515dbae5592de90456bd1, 846
613515daae5592de90456b6e, 847
613515dbae5592de90456bcc, 848
613515e0ae5592de90456cb9, 849
613515d5ae5592de90456a63, 850
613515d3ae5592de90456a24, 851
613515d2ae5592de904569d6, 852
613515cdae5592de9045692c, 853
613515d9ae5592de90456b45, 854
613515d8ae5592de90456b2f, 855
613515e2ae5592de90456d0c, 856
613515ceae5592de90456974, 857
613515d2ae5592de90456a06, 858
613515cdae5592de90456933, 859
613515d6ae5592de90456ac7, 860
613515daae5592de90456b8a, 861
613515d9ae5592de90456b39, 862
613515e4ae5592de90456d7a, 863
613515d4ae5592de90456a44, 864
613515d2ae5592de904569d4, 865
613515d6ae5592de90456acc, 866
613515d8ae5592de90456b08, 867
613515deae5592de90456c45, 868
613515ceae5592de90456952, 869
613515d2ae5592de904569fd, 870
613515d5ae5592de90456a79, 871
613515d7ae5592de90456ae7, 872
613515dbae5592de90456bb9, 873
613515dbae5592de90456ba3, 874
613515deae5592de90456c4b, 875
613515e1ae5592de90456ceb, 876
613515d7ae5592de90456ad9, 877
613515deae5592de90456c44, 878
613515d8ae5592de90456b1b, 879
613515daae5592de90456b6d, 880
613515dbae5592de90456bc3, 881
613515d2ae5592de904569e3, 882
613515d7ae5592de90456aef, 883
613515dcae5592de90456bdf, 884
613515dcae5592de90456bd6, 885
613515ddae5592de90456c26, 886
613515cdae5592de9045692e, 887
613515e3ae5592de90456d36, 888
613515ceae5592de90456976, 889
613515cdae5592de90456932, 890
613515ddae5592de90456c2e, 891
613515deae5592de90456c57, 892
613515d5ae5592de90456a9c, 893
613515d8ae5592de90456b04, 894
613515ddae5592de90456c24, 895
613515dcae5592de90456bf7, 896
613515d9ae5592de90456b43, 897
613515d0ae5592de9045698c, 898
613515dcae5592de90456bdd, 899
613515d3ae5592de90456a11, 900
613515d1ae5592de904569b3, 901
613515d7ae5592de90456adb, 902
613515d5ae5592de90456aa1, 903
613515deae5592de90456c41, 904
613515d2ae5592de90456a05, 905
613515d8ae5592de90456b2e, 906
613515d2ae5592de904569d0, 907
613515d7ae5592de90456ad7, 908
613515e0ae5592de90456ca5, 909
613515dfae5592de90456c80, 910
613515e1ae5592de90456ce9, 911
613515d0ae5592de9045698b, 912
613515d4ae5592de90456a3d, 913
613515d9ae5592de90456b3f, 914
613515daae5592de90456b91, 915
613515dfae5592de90456c88, 916
613515d7ae5592de90456ae2, 917
613515dbae5592de90456ba7, 918
613515deae5592de90456c4f, 919
613515d5ae5592de90456a98, 920
613515daae5592de90456b70, 921
613515d8ae5592de90456b35, 922
613515dcae5592de90456bf8, 923
613515ceae5592de90456965, 924
613515d8ae5592de90456b1f, 925
613515dcae5592de90456bdc, 926
613515daae5592de90456b65, 927
613515d8ae5592de90456b12, 928
613515d9ae5592de90456b4a, 929
613515d4ae5592de90456a4b, 930
613515d7ae5592de90456ad2, 931
613515d9ae5592de90456b44, 932
613515dbae5592de90456bb7, 933
613515d1ae5592de904569bc, 934
613515daae5592de90456b93, 935
613515deae5592de90456c53, 936
613515ddae5592de90456c1e, 937
613515ddae5592de90456c31, 938
613515d1ae5592de904569c8, 939
613515d5ae5592de90456a97, 940
613515d8ae5592de90456b03, 941
613515daae5592de90456b9c, 942
613515d2ae5592de904569fa, 943
613515d7ae5592de90456afd, 944
613515d4ae5592de90456a3c, 945
613515d7ae5592de90456ae0, 946
613515d0ae5592de904569a0, 947
613515d4ae5592de90456a57, 948
613515d9ae5592de90456b5c, 949
613515d4ae5592de90456a3f, 950
613515d7ae5592de90456aee, 951
613515d6ae5592de90456ac1, 952
613515d9ae5592de90456b4c, 953
613515dfae5592de90456c85, 954
613515ddae5592de90456c16, 955
613515d7ae5592de90456b00, 956
613515d8ae5592de90456b0c, 957
613515dfae5592de90456c73, 958
613515ceae5592de90456973, 959
613515daae5592de90456b94, 960
613515d2ae5592de904569f4, 961
613515d5ae5592de90456a96, 962
613515deae5592de90456c3d, 963
613515d5ae5592de90456a67, 964
613515daae5592de90456b6f, 965
613515d7ae5592de90456aff, 966
613515e0ae5592de90456cb6, 967
613515d8ae5592de90456b1c, 968
613515d5ae5592de90456a6d, 969
613515d9ae5592de90456b53, 970
613515deae5592de90456c50, 971
613515dfae5592de90456c8f, 972
613515d0ae5592de9045697d, 973
613515d6ae5592de90456aa4, 974
613515e0ae5592de90456cbc, 975
613515e4ae5592de90456d79, 976
613515d2ae5592de904569e4, 977
613515cdae5592de90456923, 978
613515daae5592de90456b82, 979
613515dfae5592de90456c5a, 980
613515dcae5592de90456be3, 981
613515d2ae5592de904569f8, 982
613515d5ae5592de90456a61, 983
613515cdae5592de9045693a, 984
613515d8ae5592de90456b32, 985
613515d7ae5592de90456acf, 986
613515d1ae5592de904569a5, 987
613515d5ae5592de90456a70, 988
613515d5ae5592de90456a90, 989
613515d5ae5592de90456a76, 990
613515dfae5592de90456c8e, 991
613515d2ae5592de904569d1, 992
613515dcae5592de90456bee, 993
613515d8ae5592de90456b37, 994
613515d8ae5592de90456b15, 995
613515ceae5592de9045696e, 996
613515e0ae5592de90456cc1, 997
613515d2ae5592de904569f3, 998
613515e1ae5592de90456ce7, 999
613515daae5592de90456b78, 1000
