userId, index
613d0a82caf647c9cf94b860, 20
613d0a82caf647c9cf94b861, 1
613d0a82caf647c9cf94b863, 2
613d0a82caf647c9cf94b862, 3
613d0a82caf647c9cf94b864, 4
613d0a82caf647c9cf94b866, 5
613d0a82caf647c9cf94b865, 6
613d0a82caf647c9cf94b867, 7
613d0a82caf647c9cf94b868, 8
613d0a82caf647c9cf94b86a, 9
613d0a82caf647c9cf94b869, 10
613d0a82caf647c9cf94b86b, 11
613d0a82caf647c9cf94b86c, 12
613d0a82caf647c9cf94b86d, 13
613d0a82caf647c9cf94b86f, 14
613d0a82caf647c9cf94b86e, 15
613d0a82caf647c9cf94b870, 16
613d0a82caf647c9cf94b871, 17
613d0a82caf647c9cf94b872, 18
613d0a82caf647c9cf94b873, 19
613d0a82caf647c9cf94b875, 21
613d0a82caf647c9cf94b876, 22
613d0a82caf647c9cf94b874, 23
613d0a82caf647c9cf94b877, 24
613d0a82caf647c9cf94b878, 25
613d0a82caf647c9cf94b879, 26
613d0a82caf647c9cf94b87a, 27
613d0a82caf647c9cf94b87c, 28
613d0a82caf647c9cf94b87b, 29
613d0a82caf647c9cf94b87d, 30
613d0a82caf647c9cf94b87e, 31
613d0a82caf647c9cf94b87f, 32
613d0a82caf647c9cf94b880, 33
613d0a82caf647c9cf94b882, 34
613d0a82caf647c9cf94b881, 35
613d0a82caf647c9cf94b884, 36
613d0a82caf647c9cf94b883, 37
613d0a82caf647c9cf94b885, 38
613d0a82caf647c9cf94b886, 39
613d0a82caf647c9cf94b887, 40
613d0a82caf647c9cf94b888, 41
613d0a82caf647c9cf94b889, 42
613d0a82caf647c9cf94b88a, 43
613d0a82caf647c9cf94b88b, 44
613d0a82caf647c9cf94b88d, 45
613d0a82caf647c9cf94b88e, 46
613d0a82caf647c9cf94b88c, 47
613d0a82caf647c9cf94b88f, 48
613d0a82caf647c9cf94b890, 49
613d0a82caf647c9cf94b891, 50
613d0a82caf647c9cf94b892, 51
613d0a82caf647c9cf94b893, 52
613d0a82caf647c9cf94b894, 53
613d0a82caf647c9cf94b895, 54
613d0a82caf647c9cf94b897, 55
613d0a82caf647c9cf94b898, 56
613d0a82caf647c9cf94b896, 57
613d0a82caf647c9cf94b899, 58
613d0a82caf647c9cf94b89a, 59
613d0a82caf647c9cf94b89b, 60
613d0a82caf647c9cf94b89d, 61
613d0a82caf647c9cf94b89f, 62
613d0a82caf647c9cf94b89e, 63
613d0a82caf647c9cf94b8a0, 64
613d0a82caf647c9cf94b89c, 65
613d0a82caf647c9cf94b8a2, 66
613d0a82caf647c9cf94b8a3, 67
613d0a82caf647c9cf94b8a1, 68
613d0a82caf647c9cf94b8a4, 69
613d0a82caf647c9cf94b8a6, 70
613d0a82caf647c9cf94b8ab, 71
613d0a82caf647c9cf94b8a8, 72
613d0a82caf647c9cf94b8ac, 73
613d0a82caf647c9cf94b8a5, 74
613d0a82caf647c9cf94b8a9, 75
613d0a82caf647c9cf94b8a7, 76
613d0a82caf647c9cf94b8aa, 77
613d0a82caf647c9cf94b8ae, 78
613d0a82caf647c9cf94b8ad, 79
613d0a82caf647c9cf94b8af, 80
613d0a82caf647c9cf94b8b0, 81
613d0a82caf647c9cf94b8b1, 82
613d0a82caf647c9cf94b8b2, 83
613d0a82caf647c9cf94b8b3, 84
613d0a82caf647c9cf94b8b4, 85
613d0a82caf647c9cf94b8b5, 86
613d0a82caf647c9cf94b8b6, 87
613d0a83caf647c9cf94b8b7, 88
613d0a83caf647c9cf94b8b8, 89
613d0a83caf647c9cf94b8b9, 90
613d0a83caf647c9cf94b8bb, 91
613d0a83caf647c9cf94b8bc, 92
613d0a83caf647c9cf94b8bd, 93
613d0a83caf647c9cf94b8ba, 94
613d0a83caf647c9cf94b8be, 95
613d0a83caf647c9cf94b8bf, 96
613d0a83caf647c9cf94b8c0, 97
613d0a83caf647c9cf94b8c1, 98
613d0a83caf647c9cf94b8c2, 99
613d0a83caf647c9cf94b8c3, 100
613d0a83caf647c9cf94b8c4, 101
613d0a83caf647c9cf94b8c5, 102
613d0a83caf647c9cf94b8c6, 103
613d0a83caf647c9cf94b8c7, 104
613d0a83caf647c9cf94b8c9, 105
613d0a83caf647c9cf94b8c8, 106
613d0a83caf647c9cf94b8cb, 107
613d0a83caf647c9cf94b8ca, 108
613d0a83caf647c9cf94b8cc, 109
613d0a83caf647c9cf94b8cd, 110
613d0a83caf647c9cf94b8ce, 111
613d0a83caf647c9cf94b8cf, 112
613d0a83caf647c9cf94b8d0, 113
613d0a83caf647c9cf94b8d1, 114
613d0a83caf647c9cf94b8d2, 115
613d0a83caf647c9cf94b8d3, 116
613d0a83caf647c9cf94b8d4, 117
613d0a83caf647c9cf94b8d5, 118
613d0a83caf647c9cf94b8d6, 119
613d0a83caf647c9cf94b8d8, 120
613d0a83caf647c9cf94b8d9, 121
613d0a83caf647c9cf94b8d7, 122
613d0a83caf647c9cf94b8da, 123
613d0a83caf647c9cf94b8db, 124
613d0a83caf647c9cf94b8dc, 125
613d0a83caf647c9cf94b8dd, 126
613d0a83caf647c9cf94b8de, 127
613d0a83caf647c9cf94b8df, 128
613d0a83caf647c9cf94b8e0, 129
613d0a83caf647c9cf94b8e1, 130
613d0a83caf647c9cf94b8e2, 131
613d0a83caf647c9cf94b8e3, 132
613d0a83caf647c9cf94b8e4, 133
613d0a83caf647c9cf94b8e5, 134
613d0a83caf647c9cf94b8e6, 135
613d0a83caf647c9cf94b8e8, 136
613d0a83caf647c9cf94b8e9, 137
613d0a83caf647c9cf94b8e7, 138
613d0a83caf647c9cf94b8ea, 139
613d0a83caf647c9cf94b8ec, 140
613d0a83caf647c9cf94b8eb, 141
613d0a83caf647c9cf94b8ed, 142
613d0a83caf647c9cf94b8ee, 143
613d0a83caf647c9cf94b8ef, 144
613d0a83caf647c9cf94b8f0, 145
613d0a83caf647c9cf94b8f1, 146
613d0a83caf647c9cf94b8f2, 147
613d0a83caf647c9cf94b8f3, 148
613d0a83caf647c9cf94b8f4, 149
613d0a83caf647c9cf94b8f5, 150
613d0a83caf647c9cf94b8f6, 151
613d0a83caf647c9cf94b8f7, 152
613d0a83caf647c9cf94b8f9, 153
613d0a83caf647c9cf94b8fa, 154
613d0a83caf647c9cf94b8f8, 155
613d0a83caf647c9cf94b8fb, 156
613d0a83caf647c9cf94b8fc, 157
613d0a83caf647c9cf94b8fd, 158
613d0a83caf647c9cf94b8fe, 159
613d0a83caf647c9cf94b8ff, 160
613d0a83caf647c9cf94b905, 161
613d0a83caf647c9cf94b900, 162
613d0a83caf647c9cf94b902, 163
613d0a83caf647c9cf94b903, 164
613d0a83caf647c9cf94b907, 165
613d0a83caf647c9cf94b901, 166
613d0a83caf647c9cf94b904, 167
613d0a83caf647c9cf94b906, 168
613d0a83caf647c9cf94b908, 169
613d0a83caf647c9cf94b909, 170
613d0a83caf647c9cf94b90b, 171
613d0a83caf647c9cf94b90a, 172
613d0a83caf647c9cf94b90e, 173
613d0a83caf647c9cf94b90f, 174
613d0a83caf647c9cf94b910, 175
613d0a83caf647c9cf94b911, 176
613d0a83caf647c9cf94b912, 177
613d0a83caf647c9cf94b90d, 178
613d0a83caf647c9cf94b90c, 179
613d0a83caf647c9cf94b914, 180
613d0a83caf647c9cf94b915, 181
613d0a83caf647c9cf94b913, 182
613d0a83caf647c9cf94b916, 183
613d0a83caf647c9cf94b918, 184
613d0a83caf647c9cf94b917, 185
613d0a83caf647c9cf94b919, 186
613d0a83caf647c9cf94b91a, 187
613d0a83caf647c9cf94b91b, 188
613d0a83caf647c9cf94b91c, 189
613d0a83caf647c9cf94b91e, 190
613d0a83caf647c9cf94b91d, 191
613d0a83caf647c9cf94b91f, 192
613d0a83caf647c9cf94b920, 193
613d0a83caf647c9cf94b921, 194
613d0a83caf647c9cf94b922, 195
613d0a83caf647c9cf94b923, 196
613d0a83caf647c9cf94b926, 197
613d0a83caf647c9cf94b925, 198
613d0a83caf647c9cf94b924, 199
613d0a83caf647c9cf94b927, 200
613d0a83caf647c9cf94b928, 201
613d0a83caf647c9cf94b929, 202
613d0a83caf647c9cf94b92a, 203
613d0a83caf647c9cf94b92b, 204
613d0a83caf647c9cf94b92c, 205
613d0a83caf647c9cf94b92d, 206
613d0a83caf647c9cf94b92e, 207
613d0a83caf647c9cf94b92f, 208
613d0a83caf647c9cf94b930, 209
613d0a83caf647c9cf94b932, 210
613d0a83caf647c9cf94b933, 211
613d0a83caf647c9cf94b934, 212
613d0a83caf647c9cf94b931, 213
613d0a83caf647c9cf94b935, 214
613d0a83caf647c9cf94b936, 215
613d0a83caf647c9cf94b937, 216
613d0a83caf647c9cf94b938, 217
613d0a83caf647c9cf94b939, 218
613d0a83caf647c9cf94b93a, 219
613d0a83caf647c9cf94b93b, 220
613d0a83caf647c9cf94b93c, 221
613d0a83caf647c9cf94b93d, 222
613d0a83caf647c9cf94b93e, 223
613d0a83caf647c9cf94b940, 224
613d0a83caf647c9cf94b93f, 225
613d0a83caf647c9cf94b941, 226
613d0a83caf647c9cf94b943, 227
613d0a83caf647c9cf94b945, 228
613d0a83caf647c9cf94b942, 229
613d0a83caf647c9cf94b944, 230
613d0a83caf647c9cf94b947, 231
613d0a83caf647c9cf94b948, 232
613d0a83caf647c9cf94b949, 233
613d0a83caf647c9cf94b94a, 234
613d0a83caf647c9cf94b94b, 235
613d0a83caf647c9cf94b946, 236
613d0a83caf647c9cf94b94c, 237
613d0a83caf647c9cf94b94d, 238
613d0a83caf647c9cf94b950, 239
613d0a83caf647c9cf94b94e, 240
613d0a83caf647c9cf94b952, 241
613d0a83caf647c9cf94b951, 242
613d0a83caf647c9cf94b94f, 243
613d0a83caf647c9cf94b953, 244
613d0a83caf647c9cf94b954, 245
613d0a83caf647c9cf94b955, 246
613d0a83caf647c9cf94b956, 247
613d0a83caf647c9cf94b957, 248
613d0a83caf647c9cf94b958, 249
613d0a83caf647c9cf94b959, 250
613d0a83caf647c9cf94b95a, 251
613d0a83caf647c9cf94b95b, 252
613d0a83caf647c9cf94b960, 253
613d0a83caf647c9cf94b961, 254
613d0a83caf647c9cf94b962, 255
613d0a83caf647c9cf94b963, 256
613d0a83caf647c9cf94b95e, 257
613d0a83caf647c9cf94b968, 258
613d0a83caf647c9cf94b964, 259
613d0a83caf647c9cf94b966, 260
613d0a83caf647c9cf94b95f, 261
613d0a83caf647c9cf94b95d, 262
613d0a83caf647c9cf94b95c, 263
613d0a83caf647c9cf94b96a, 264
613d0a83caf647c9cf94b969, 265
613d0a83caf647c9cf94b967, 266
613d0a83caf647c9cf94b965, 267
613d0a83caf647c9cf94b96b, 268
613d0a83caf647c9cf94b970, 269
613d0a83caf647c9cf94b971, 270
613d0a83caf647c9cf94b96e, 271
613d0a83caf647c9cf94b972, 272
613d0a83caf647c9cf94b96f, 273
613d0a83caf647c9cf94b96c, 274
613d0a83caf647c9cf94b96d, 275
613d0a83caf647c9cf94b974, 276
613d0a83caf647c9cf94b973, 277
613d0a83caf647c9cf94b975, 278
613d0a83caf647c9cf94b976, 279
613d0a83caf647c9cf94b977, 280
613d0a83caf647c9cf94b978, 281
613d0a83caf647c9cf94b979, 282
613d0a83caf647c9cf94b97a, 283
613d0a83caf647c9cf94b97b, 284
613d0a83caf647c9cf94b97c, 285
613d0a83caf647c9cf94b97d, 286
613d0a83caf647c9cf94b97e, 287
613d0a83caf647c9cf94b97f, 288
613d0a83caf647c9cf94b980, 289
613d0a83caf647c9cf94b981, 290
613d0a83caf647c9cf94b982, 291
613d0a83caf647c9cf94b983, 292
613d0a83caf647c9cf94b984, 293
613d0a83caf647c9cf94b985, 294
613d0a83caf647c9cf94b986, 295
613d0a83caf647c9cf94b987, 296
613d0a83caf647c9cf94b988, 297
613d0a83caf647c9cf94b989, 298
613d0a83caf647c9cf94b98a, 299
613d0a83caf647c9cf94b98c, 300
613d0a83caf647c9cf94b98d, 301
613d0a83caf647c9cf94b98b, 302
613d0a83caf647c9cf94b98e, 303
613d0a83caf647c9cf94b98f, 304
613d0a83caf647c9cf94b990, 305
613d0a83caf647c9cf94b991, 306
613d0a83caf647c9cf94b992, 307
613d0a83caf647c9cf94b999, 308
613d0a83caf647c9cf94b9a0, 309
613d0a83caf647c9cf94b993, 310
613d0a83caf647c9cf94b99e, 311
613d0a83caf647c9cf94b9a1, 312
613d0a83caf647c9cf94b994, 313
613d0a83caf647c9cf94b99c, 314
613d0a83caf647c9cf94b997, 315
613d0a83caf647c9cf94b9a2, 316
613d0a83caf647c9cf94b99f, 317
613d0a83caf647c9cf94b9a3, 318
613d0a83caf647c9cf94b996, 319
613d0a83caf647c9cf94b99b, 320
613d0a83caf647c9cf94b99d, 321
613d0a83caf647c9cf94b99a, 322
613d0a83caf647c9cf94b995, 323
613d0a83caf647c9cf94b998, 324
613d0a83caf647c9cf94b9a5, 325
613d0a83caf647c9cf94b9a4, 326
613d0a83caf647c9cf94b9a6, 327
613d0a83caf647c9cf94b9a7, 328
613d0a83caf647c9cf94b9a8, 329
613d0a83caf647c9cf94b9a9, 330
613d0a83caf647c9cf94b9aa, 331
613d0a83caf647c9cf94b9ab, 332
613d0a83caf647c9cf94b9ac, 333
613d0a83caf647c9cf94b9ad, 334
613d0a83caf647c9cf94b9ae, 335
613d0a83caf647c9cf94b9af, 336
613d0a83caf647c9cf94b9b0, 337
613d0a83caf647c9cf94b9b1, 338
613d0a83caf647c9cf94b9b2, 339
613d0a83caf647c9cf94b9b3, 340
613d0a83caf647c9cf94b9b4, 341
613d0a83caf647c9cf94b9b5, 342
613d0a83caf647c9cf94b9b6, 343
613d0a83caf647c9cf94b9b7, 344
613d0a83caf647c9cf94b9b8, 345
613d0a83caf647c9cf94b9b9, 346
613d0a83caf647c9cf94b9bb, 347
613d0a83caf647c9cf94b9ba, 348
613d0a83caf647c9cf94b9bc, 349
613d0a83caf647c9cf94b9bd, 350
613d0a83caf647c9cf94b9c0, 351
613d0a83caf647c9cf94b9c2, 352
613d0a83caf647c9cf94b9c1, 353
613d0a83caf647c9cf94b9bf, 354
613d0a83caf647c9cf94b9be, 355
613d0a83caf647c9cf94b9c6, 356
613d0a83caf647c9cf94b9c3, 357
613d0a83caf647c9cf94b9c5, 358
613d0a83caf647c9cf94b9c4, 359
613d0a83caf647c9cf94b9c7, 360
613d0a83caf647c9cf94b9c8, 361
613d0a83caf647c9cf94b9c9, 362
613d0a83caf647c9cf94b9ca, 363
613d0a83caf647c9cf94b9cb, 364
613d0a83caf647c9cf94b9cc, 365
613d0a83caf647c9cf94b9cd, 366
613d0a83caf647c9cf94b9ce, 367
613d0a83caf647c9cf94b9cf, 368
613d0a83caf647c9cf94b9d0, 369
613d0a83caf647c9cf94b9d1, 370
613d0a83caf647c9cf94b9d2, 371
613d0a83caf647c9cf94b9d3, 372
613d0a83caf647c9cf94b9d4, 373
613d0a83caf647c9cf94b9d5, 374
613d0a83caf647c9cf94b9d6, 375
613d0a83caf647c9cf94b9d7, 376
613d0a83caf647c9cf94b9d8, 377
613d0a83caf647c9cf94b9da, 378
613d0a83caf647c9cf94b9d9, 379
613d0a83caf647c9cf94b9db, 380
613d0a83caf647c9cf94b9dc, 381
613d0a83caf647c9cf94b9dd, 382
613d0a83caf647c9cf94b9de, 383
613d0a83caf647c9cf94b9df, 384
613d0a83caf647c9cf94b9e0, 385
613d0a83caf647c9cf94b9e2, 386
613d0a83caf647c9cf94b9ec, 387
613d0a83caf647c9cf94b9f1, 388
613d0a83caf647c9cf94b9f3, 389
613d0a83caf647c9cf94b9e4, 390
613d0a83caf647c9cf94b9f4, 391
613d0a83caf647c9cf94b9ef, 392
613d0a83caf647c9cf94b9e6, 393
613d0a83caf647c9cf94b9e9, 394
613d0a83caf647c9cf94b9e1, 395
613d0a83caf647c9cf94b9ee, 396
613d0a83caf647c9cf94b9e8, 397
613d0a83caf647c9cf94b9e3, 398
613d0a83caf647c9cf94b9e7, 399
613d0a83caf647c9cf94b9ea, 400
613d0a83caf647c9cf94b9ed, 401
613d0a83caf647c9cf94b9f2, 402
613d0a83caf647c9cf94b9e5, 403
613d0a83caf647c9cf94b9f0, 404
613d0a83caf647c9cf94b9eb, 405
613d0a83caf647c9cf94b9f6, 406
613d0a83caf647c9cf94b9f7, 407
613d0a83caf647c9cf94b9f5, 408
613d0a83caf647c9cf94b9f8, 409
613d0a83caf647c9cf94b9f9, 410
613d0a83caf647c9cf94b9fa, 411
613d0a83caf647c9cf94b9fb, 412
613d0a83caf647c9cf94b9fc, 413
613d0a83caf647c9cf94b9fd, 414
613d0a83caf647c9cf94b9fe, 415
613d0a83caf647c9cf94b9ff, 416
613d0a83caf647c9cf94ba00, 417
613d0a83caf647c9cf94ba01, 418
613d0a83caf647c9cf94ba02, 419
613d0a83caf647c9cf94ba03, 420
613d0a83caf647c9cf94ba04, 421
613d0a83caf647c9cf94ba05, 422
613d0a83caf647c9cf94ba06, 423
613d0a83caf647c9cf94ba07, 424
613d0a83caf647c9cf94ba08, 425
613d0a83caf647c9cf94ba09, 426
613d0a84caf647c9cf94ba10, 427
613d0a83caf647c9cf94ba0b, 428
613d0a83caf647c9cf94ba0a, 429
613d0a84caf647c9cf94ba0f, 430
613d0a83caf647c9cf94ba0e, 431
613d0a83caf647c9cf94ba0c, 432
613d0a83caf647c9cf94ba0d, 433
613d0a84caf647c9cf94ba11, 434
613d0a84caf647c9cf94ba14, 435
613d0a84caf647c9cf94ba13, 436
613d0a84caf647c9cf94ba12, 437
613d0a84caf647c9cf94ba15, 438
613d0a84caf647c9cf94ba16, 439
613d0a84caf647c9cf94ba17, 440
613d0a84caf647c9cf94ba18, 441
613d0a84caf647c9cf94ba19, 442
613d0a84caf647c9cf94ba1a, 443
613d0a84caf647c9cf94ba24, 444
613d0a84caf647c9cf94ba2b, 445
613d0a84caf647c9cf94ba26, 446
613d0a84caf647c9cf94ba28, 447
613d0a84caf647c9cf94ba2d, 448
613d0a84caf647c9cf94ba2a, 449
613d0a84caf647c9cf94ba1e, 450
613d0a84caf647c9cf94ba1f, 451
613d0a84caf647c9cf94ba21, 452
613d0a84caf647c9cf94ba23, 453
613d0a84caf647c9cf94ba20, 454
613d0a84caf647c9cf94ba2f, 455
613d0a84caf647c9cf94ba25, 456
613d0a84caf647c9cf94ba29, 457
613d0a84caf647c9cf94ba2c, 458
613d0a84caf647c9cf94ba27, 459
613d0a84caf647c9cf94ba1d, 460
613d0a84caf647c9cf94ba2e, 461
613d0a84caf647c9cf94ba22, 462
613d0a84caf647c9cf94ba1c, 463
613d0a84caf647c9cf94ba1b, 464
613d0a84caf647c9cf94ba31, 465
613d0a84caf647c9cf94ba32, 466
613d0a84caf647c9cf94ba30, 467
613d0a84caf647c9cf94ba33, 468
613d0a84caf647c9cf94ba34, 469
613d0a84caf647c9cf94ba35, 470
613d0a84caf647c9cf94ba36, 471
613d0a84caf647c9cf94ba37, 472
613d0a84caf647c9cf94ba38, 473
613d0a84caf647c9cf94ba39, 474
613d0a84caf647c9cf94ba3a, 475
613d0a84caf647c9cf94ba3b, 476
613d0a84caf647c9cf94ba3c, 477
613d0a84caf647c9cf94ba3d, 478
613d0a84caf647c9cf94ba3e, 479
613d0a84caf647c9cf94ba3f, 480
613d0a84caf647c9cf94ba40, 481
613d0a84caf647c9cf94ba41, 482
613d0a84caf647c9cf94ba42, 483
613d0a84caf647c9cf94ba43, 484
613d0a84caf647c9cf94ba44, 485
613d0a84caf647c9cf94ba45, 486
613d0a84caf647c9cf94ba46, 487
613d0a84caf647c9cf94ba47, 488
613d0a84caf647c9cf94ba4c, 489
613d0a84caf647c9cf94ba4a, 490
613d0a84caf647c9cf94ba4d, 491
613d0a84caf647c9cf94ba4e, 492
613d0a84caf647c9cf94ba48, 493
613d0a84caf647c9cf94ba49, 494
613d0a84caf647c9cf94ba4b, 495
613d0a84caf647c9cf94ba50, 496
613d0a84caf647c9cf94ba4f, 497
613d0a84caf647c9cf94ba51, 498
613d0a84caf647c9cf94ba52, 499
613d0a84caf647c9cf94ba53, 500
613d0a84caf647c9cf94ba54, 501
613d0a84caf647c9cf94ba56, 502
613d0a84caf647c9cf94ba59, 503
613d0a84caf647c9cf94ba5b, 504
613d0a84caf647c9cf94ba5a, 505
613d0a84caf647c9cf94ba57, 506
613d0a84caf647c9cf94ba5c, 507
613d0a84caf647c9cf94ba55, 508
613d0a84caf647c9cf94ba58, 509
613d0a84caf647c9cf94ba5d, 510
613d0a84caf647c9cf94ba62, 511
613d0a84caf647c9cf94ba5f, 512
613d0a84caf647c9cf94ba60, 513
613d0a84caf647c9cf94ba61, 514
613d0a84caf647c9cf94ba5e, 515
613d0a84caf647c9cf94ba63, 516
613d0a84caf647c9cf94ba66, 517
613d0a84caf647c9cf94ba67, 518
613d0a84caf647c9cf94ba65, 519
613d0a84caf647c9cf94ba68, 520
613d0a84caf647c9cf94ba64, 521
613d0a84caf647c9cf94ba69, 522
613d0a84caf647c9cf94ba6a, 523
613d0a84caf647c9cf94ba6b, 524
613d0a84caf647c9cf94ba6c, 525
613d0a84caf647c9cf94ba6d, 526
613d0a84caf647c9cf94ba6e, 527
613d0a84caf647c9cf94ba70, 528
613d0a84caf647c9cf94ba7a, 529
613d0a84caf647c9cf94ba71, 530
613d0a84caf647c9cf94ba76, 531
613d0a84caf647c9cf94ba78, 532
613d0a84caf647c9cf94ba79, 533
613d0a84caf647c9cf94ba72, 534
613d0a84caf647c9cf94ba6f, 535
613d0a84caf647c9cf94ba8f, 536
613d0a84caf647c9cf94ba8e, 537
613d0a84caf647c9cf94ba86, 538
613d0a84caf647c9cf94ba8a, 539
613d0a84caf647c9cf94ba8d, 540
613d0a84caf647c9cf94ba87, 541
613d0a84caf647c9cf94ba7b, 542
613d0a84caf647c9cf94ba85, 543
613d0a84caf647c9cf94ba84, 544
613d0a84caf647c9cf94ba75, 545
613d0a84caf647c9cf94ba88, 546
613d0a84caf647c9cf94ba8c, 547
613d0a84caf647c9cf94ba7f, 548
613d0a84caf647c9cf94ba82, 549
613d0a84caf647c9cf94ba83, 550
613d0a84caf647c9cf94ba7c, 551
613d0a84caf647c9cf94ba74, 552
613d0a84caf647c9cf94ba73, 553
613d0a84caf647c9cf94ba80, 554
613d0a84caf647c9cf94ba81, 555
613d0a84caf647c9cf94ba89, 556
613d0a84caf647c9cf94ba7e, 557
613d0a84caf647c9cf94ba77, 558
613d0a84caf647c9cf94ba8b, 559
613d0a84caf647c9cf94ba7d, 560
613d0a84caf647c9cf94ba91, 561
613d0a84caf647c9cf94ba90, 562
613d0a84caf647c9cf94ba92, 563
613d0a84caf647c9cf94ba93, 564
613d0a84caf647c9cf94ba94, 565
613d0a84caf647c9cf94ba95, 566
613d0a84caf647c9cf94ba96, 567
613d0a84caf647c9cf94ba9b, 568
613d0a84caf647c9cf94ba9c, 569
613d0a84caf647c9cf94ba99, 570
613d0a84caf647c9cf94ba97, 571
613d0a84caf647c9cf94ba98, 572
613d0a84caf647c9cf94ba9a, 573
613d0a84caf647c9cf94ba9f, 574
613d0a84caf647c9cf94ba9d, 575
613d0a84caf647c9cf94baa0, 576
613d0a84caf647c9cf94baa2, 577
613d0a84caf647c9cf94ba9e, 578
613d0a84caf647c9cf94baa1, 579
613d0a84caf647c9cf94baa3, 580
613d0a84caf647c9cf94baa4, 581
613d0a84caf647c9cf94baa5, 582
613d0a84caf647c9cf94baa6, 583
613d0a84caf647c9cf94baa7, 584
613d0a84caf647c9cf94baa8, 585
613d0a84caf647c9cf94baa9, 586
613d0a84caf647c9cf94baaa, 587
613d0a84caf647c9cf94baab, 588
613d0a84caf647c9cf94baac, 589
613d0a84caf647c9cf94baad, 590
613d0a84caf647c9cf94baae, 591
613d0a84caf647c9cf94baaf, 592
613d0a84caf647c9cf94bab0, 593
613d0a84caf647c9cf94bab1, 594
613d0a84caf647c9cf94bab3, 595
613d0a84caf647c9cf94bab2, 596
613d0a84caf647c9cf94bab5, 597
613d0a84caf647c9cf94bab6, 598
613d0a84caf647c9cf94baba, 599
613d0a84caf647c9cf94babb, 600
613d0a84caf647c9cf94bab9, 601
613d0a84caf647c9cf94babd, 602
613d0a84caf647c9cf94bab4, 603
613d0a84caf647c9cf94babc, 604
613d0a84caf647c9cf94bab7, 605
613d0a84caf647c9cf94bab8, 606
613d0a84caf647c9cf94bac0, 607
613d0a84caf647c9cf94babf, 608
613d0a84caf647c9cf94babe, 609
613d0a84caf647c9cf94bac1, 610
613d0a84caf647c9cf94bac2, 611
613d0a84caf647c9cf94bac3, 612
613d0a84caf647c9cf94bac4, 613
613d0a84caf647c9cf94bac5, 614
613d0a84caf647c9cf94bac6, 615
613d0a84caf647c9cf94bac7, 616
613d0a84caf647c9cf94bac8, 617
613d0a84caf647c9cf94bac9, 618
613d0a84caf647c9cf94baca, 619
613d0a84caf647c9cf94bacb, 620
613d0a84caf647c9cf94bacc, 621
613d0a84caf647c9cf94bacd, 622
613d0a84caf647c9cf94bacf, 623
613d0a84caf647c9cf94bace, 624
613d0a84caf647c9cf94bad0, 625
613d0a84caf647c9cf94bad1, 626
613d0a84caf647c9cf94bad3, 627
613d0a84caf647c9cf94bad4, 628
613d0a84caf647c9cf94bad2, 629
613d0a84caf647c9cf94bad6, 630
613d0a84caf647c9cf94bad9, 631
613d0a84caf647c9cf94bad5, 632
613d0a84caf647c9cf94bad8, 633
613d0a84caf647c9cf94bad7, 634
613d0a84caf647c9cf94bada, 635
613d0a84caf647c9cf94badb, 636
613d0a84caf647c9cf94badc, 637
613d0a84caf647c9cf94bae3, 638
613d0a84caf647c9cf94bade, 639
613d0a84caf647c9cf94bae0, 640
613d0a84caf647c9cf94bae1, 641
613d0a84caf647c9cf94badf, 642
613d0a84caf647c9cf94bae2, 643
613d0a84caf647c9cf94bae4, 644
613d0a84caf647c9cf94badd, 645
613d0a84caf647c9cf94bae5, 646
613d0a84caf647c9cf94bae8, 647
613d0a84caf647c9cf94bae6, 648
613d0a84caf647c9cf94bae7, 649
613d0a84caf647c9cf94baec, 650
613d0a84caf647c9cf94baeb, 651
613d0a84caf647c9cf94baed, 652
613d0a84caf647c9cf94baee, 653
613d0a84caf647c9cf94baea, 654
613d0a84caf647c9cf94bae9, 655
613d0a84caf647c9cf94baef, 656
613d0a84caf647c9cf94baf0, 657
613d0a84caf647c9cf94baf1, 658
613d0a84caf647c9cf94baf2, 659
613d0a84caf647c9cf94baf3, 660
613d0a84caf647c9cf94baf4, 661
613d0a84caf647c9cf94baf5, 662
613d0a84caf647c9cf94baf6, 663
613d0a84caf647c9cf94baf7, 664
613d0a84caf647c9cf94baf8, 665
613d0a84caf647c9cf94baf9, 666
613d0a84caf647c9cf94bafc, 667
613d0a84caf647c9cf94bafb, 668
613d0a84caf647c9cf94bafa, 669
613d0a84caf647c9cf94bafd, 670
613d0a84caf647c9cf94bafe, 671
613d0a84caf647c9cf94baff, 672
613d0a84caf647c9cf94bb00, 673
613d0a84caf647c9cf94bb01, 674
613d0a84caf647c9cf94bb04, 675
613d0a84caf647c9cf94bb02, 676
613d0a84caf647c9cf94bb03, 677
613d0a84caf647c9cf94bb05, 678
613d0a84caf647c9cf94bb06, 679
613d0a84caf647c9cf94bb07, 680
613d0a84caf647c9cf94bb08, 681
613d0a84caf647c9cf94bb09, 682
613d0a84caf647c9cf94bb0b, 683
613d0a84caf647c9cf94bb0a, 684
613d0a84caf647c9cf94bb0c, 685
613d0a84caf647c9cf94bb0d, 686
613d0a84caf647c9cf94bb0e, 687
613d0a84caf647c9cf94bb13, 688
613d0a84caf647c9cf94bb14, 689
613d0a84caf647c9cf94bb15, 690
613d0a84caf647c9cf94bb12, 691
613d0a84caf647c9cf94bb0f, 692
613d0a84caf647c9cf94bb10, 693
613d0a84caf647c9cf94bb11, 694
613d0a84caf647c9cf94bb16, 695
613d0a84caf647c9cf94bb17, 696
613d0a84caf647c9cf94bb18, 697
613d0a84caf647c9cf94bb19, 698
613d0a84caf647c9cf94bb1a, 699
613d0a84caf647c9cf94bb1b, 700
613d0a84caf647c9cf94bb1c, 701
613d0a84caf647c9cf94bb1d, 702
613d0a84caf647c9cf94bb1f, 703
613d0a84caf647c9cf94bb21, 704
613d0a84caf647c9cf94bb3b, 705
613d0a84caf647c9cf94bb22, 706
613d0a84caf647c9cf94bb33, 707
613d0a84caf647c9cf94bb24, 708
613d0a84caf647c9cf94bb42, 709
613d0a84caf647c9cf94bb3a, 710
613d0a84caf647c9cf94bb37, 711
613d0a84caf647c9cf94bb2b, 712
613d0a84caf647c9cf94bb3e, 713
613d0a84caf647c9cf94bb31, 714
613d0a84caf647c9cf94bb2a, 715
613d0a84caf647c9cf94bb25, 716
613d0a84caf647c9cf94bb2c, 717
613d0a84caf647c9cf94bb41, 718
613d0a84caf647c9cf94bb2f, 719
613d0a84caf647c9cf94bb27, 720
613d0a84caf647c9cf94bb3f, 721
613d0a84caf647c9cf94bb43, 722
613d0a84caf647c9cf94bb2e, 723
613d0a84caf647c9cf94bb26, 724
613d0a84caf647c9cf94bb32, 725
613d0a84caf647c9cf94bb40, 726
613d0a84caf647c9cf94bb38, 727
613d0a84caf647c9cf94bb35, 728
613d0a84caf647c9cf94bb28, 729
613d0a84caf647c9cf94bb39, 730
613d0a84caf647c9cf94bb30, 731
613d0a84caf647c9cf94bb36, 732
613d0a84caf647c9cf94bb23, 733
613d0a84caf647c9cf94bb34, 734
613d0a84caf647c9cf94bb2d, 735
613d0a84caf647c9cf94bb20, 736
613d0a84caf647c9cf94bb1e, 737
613d0a84caf647c9cf94bb3c, 738
613d0a84caf647c9cf94bb29, 739
613d0a84caf647c9cf94bb3d, 740
613d0a84caf647c9cf94bb45, 741
613d0a84caf647c9cf94bb44, 742
613d0a84caf647c9cf94bb46, 743
613d0a84caf647c9cf94bb47, 744
613d0a84caf647c9cf94bb48, 745
613d0a84caf647c9cf94bb49, 746
613d0a84caf647c9cf94bb4a, 747
613d0a84caf647c9cf94bb4b, 748
613d0a84caf647c9cf94bb4c, 749
613d0a84caf647c9cf94bb4d, 750
613d0a84caf647c9cf94bb4e, 751
613d0a84caf647c9cf94bb52, 752
613d0a84caf647c9cf94bb53, 753
613d0a84caf647c9cf94bb54, 754
613d0a84caf647c9cf94bb50, 755
613d0a84caf647c9cf94bb51, 756
613d0a84caf647c9cf94bb55, 757
613d0a84caf647c9cf94bb4f, 758
613d0a84caf647c9cf94bb56, 759
613d0a84caf647c9cf94bb57, 760
613d0a84caf647c9cf94bb58, 761
613d0a84caf647c9cf94bb59, 762
613d0a84caf647c9cf94bb5a, 763
613d0a84caf647c9cf94bb5b, 764
613d0a84caf647c9cf94bb5c, 765
613d0a84caf647c9cf94bb5d, 766
613d0a84caf647c9cf94bb5e, 767
613d0a84caf647c9cf94bb5f, 768
613d0a84caf647c9cf94bb60, 769
613d0a84caf647c9cf94bb61, 770
613d0a84caf647c9cf94bb62, 771
613d0a84caf647c9cf94bb63, 772
613d0a84caf647c9cf94bb64, 773
613d0a84caf647c9cf94bb65, 774
613d0a84caf647c9cf94bb66, 775
613d0a84caf647c9cf94bb68, 776
613d0a84caf647c9cf94bb67, 777
613d0a84caf647c9cf94bb69, 778
613d0a84caf647c9cf94bb6a, 779
613d0a84caf647c9cf94bb6b, 780
613d0a84caf647c9cf94bb6c, 781
613d0a84caf647c9cf94bb6d, 782
613d0a84caf647c9cf94bb6e, 783
613d0a84caf647c9cf94bb6f, 784
613d0a84caf647c9cf94bb70, 785
613d0a84caf647c9cf94bb71, 786
613d0a84caf647c9cf94bb72, 787
613d0a84caf647c9cf94bb73, 788
613d0a84caf647c9cf94bb74, 789
613d0a84caf647c9cf94bb75, 790
613d0a84caf647c9cf94bb76, 791
613d0a84caf647c9cf94bb77, 792
613d0a84caf647c9cf94bb78, 793
613d0a84caf647c9cf94bb79, 794
613d0a84caf647c9cf94bb7a, 795
613d0a84caf647c9cf94bb7b, 796
613d0a84caf647c9cf94bb7c, 797
613d0a84caf647c9cf94bb7d, 798
613d0a84caf647c9cf94bb7e, 799
613d0a85caf647c9cf94bb8d, 800
613d0a85caf647c9cf94bb92, 801
613d0a85caf647c9cf94bb84, 802
613d0a85caf647c9cf94bb86, 803
613d0a85caf647c9cf94bb91, 804
613d0a85caf647c9cf94bb87, 805
613d0a85caf647c9cf94bb8b, 806
613d0a85caf647c9cf94bb8a, 807
613d0a84caf647c9cf94bb7f, 808
613d0a84caf647c9cf94bb80, 809
613d0a85caf647c9cf94bb88, 810
613d0a85caf647c9cf94bb83, 811
613d0a85caf647c9cf94bb82, 812
613d0a85caf647c9cf94bb89, 813
613d0a85caf647c9cf94bb8c, 814
613d0a85caf647c9cf94bb85, 815
613d0a85caf647c9cf94bb90, 816
613d0a85caf647c9cf94bb8f, 817
613d0a85caf647c9cf94bb8e, 818
613d0a84caf647c9cf94bb81, 819
613d0a85caf647c9cf94bb94, 820
613d0a85caf647c9cf94bb93, 821
613d0a85caf647c9cf94bb95, 822
613d0a85caf647c9cf94bb96, 823
613d0a85caf647c9cf94bb97, 824
613d0a85caf647c9cf94bb98, 825
613d0a85caf647c9cf94bb99, 826
613d0a85caf647c9cf94bb9a, 827
613d0a85caf647c9cf94bb9b, 828
613d0a85caf647c9cf94bb9c, 829
613d0a85caf647c9cf94bb9d, 830
613d0a85caf647c9cf94bb9e, 831
613d0a85caf647c9cf94bb9f, 832
613d0a85caf647c9cf94bba0, 833
613d0a85caf647c9cf94bba1, 834
613d0a85caf647c9cf94bba2, 835
613d0a85caf647c9cf94bba3, 836
613d0a85caf647c9cf94bba4, 837
613d0a85caf647c9cf94bba5, 838
